{
  "pixel_pts": [
    [
      922,
      549
    ],
    [
      885,
      584
    ],
    [
      918,
      622
    ],
    [
      884,
      662
    ]
  ],
  "world_pts": [
    [
      0.0,
      0.5
    ],
    [
      1.0,
      0.4
    ],
    [
      2.0,
      0.3
    ],
    [
      3.0,
      0.2
    ]
  ],
  "H": [
    [
      -0.0011997028708158922,
      -0.0003107661932531661,
      1.2767366870529129
    ],
    [
      -0.0002955603959997276,
      -0.00016669608274795452,
      0.3723263388099598
    ],
    [
      -0.0008310613525145233,
      -0.00039554539973656847,
      1.0
    ]
  ]
}